{"cameraMode":{"drawMode":0,"name":"Shaded","section":"Shading Mode"},"sceneLighting":false,"audioPlay":false,"sceneViewState":{"m_AlwaysRefresh":true,"showFog":true,"showSkybox":false,"showFlares":true,"showImageEffects":true,"showParticleSystems":true,"showVisualEffectGraphs":true,"m_FxEnabled":true},"in2DMode":false,"pivot":{"x":1.4901161193847657e-8,"y":-1.4901161193847657e-8,"z":-0.12938383221626283},"rotation":{"x":-0.4270865321159363,"y":-0.017090318724513055,"z":0.00807032361626625,"w":-0.9041149020195007},"size":0.20617255568504334,"orthographic":false}