{"cameraMode":{"drawMode":0,"name":"Shaded","section":"Shading Mode"},"sceneLighting":false,"audioPlay":false,"sceneViewState":{"m_AlwaysRefresh":true,"showFog":true,"showSkybox":false,"showFlares":true,"showImageEffects":true,"showParticleSystems":true,"showVisualEffectGraphs":true,"m_FxEnabled":true},"in2DMode":false,"pivot":{"x":0.000010117888450622559,"y":-0.006603352725505829,"z":-0.000009939074516296387},"rotation":{"x":0.022104786708950998,"y":0.9625901579856873,"z":-0.25742307305336,"w":0.08280793577432633},"size":0.15142594277858735,"orthographic":false}