{"cameraMode":{"drawMode":0,"name":"Shaded","section":"Shading Mode"},"sceneLighting":false,"audioPlay":false,"sceneViewState":{"m_AlwaysRefresh":true,"showFog":true,"showSkybox":false,"showFlares":true,"showImageEffects":true,"showParticleSystems":true,"showVisualEffectGraphs":true,"m_FxEnabled":true},"in2DMode":false,"pivot":{"x":0.0983773022890091,"y":0.007971011102199555,"z":0.005779914557933807},"rotation":{"x":-0.31280994415283205,"y":-0.032182831317186359,"z":0.010639102198183537,"w":-0.9493116140365601},"size":0.25823161005973818,"orthographic":false}