{"cameraMode":{"drawMode":0,"name":"Shaded","section":"Shading Mode"},"sceneLighting":false,"audioPlay":false,"sceneViewState":{"m_AlwaysRefresh":true,"showFog":true,"showSkybox":false,"showFlares":true,"showImageEffects":true,"showParticleSystems":true,"showVisualEffectGraphs":true,"m_FxEnabled":true},"in2DMode":false,"pivot":{"x":-3.020670175552368,"y":0.22474321722984315,"z":2.000000238418579},"rotation":{"x":0.016522670164704324,"y":0.7352719902992249,"z":-0.017834315076470376,"w":0.6776195764541626},"size":0.3080851435661316,"orthographic":false}