{"cameraMode":{"drawMode":0,"name":"Shaded","section":"Shading Mode"},"sceneLighting":false,"audioPlay":false,"sceneViewState":{"m_AlwaysRefresh":true,"showFog":true,"showSkybox":false,"showFlares":true,"showImageEffects":true,"showParticleSystems":true,"showVisualEffectGraphs":true,"m_FxEnabled":true},"in2DMode":false,"pivot":{"x":0.01696726679801941,"y":0.005829706788063049,"z":-1.4901161193847657e-7},"rotation":{"x":-0.22328691184520722,"y":-0.7428215742111206,"z":0.2977663278579712,"w":-0.5567407608032227},"size":0.30736833810806277,"orthographic":false}