{"cameraMode":{"drawMode":0,"name":"Shaded","section":"Shading Mode"},"sceneLighting":true,"audioPlay":false,"sceneViewState":{"m_AlwaysRefresh":true,"showFog":true,"showSkybox":true,"showFlares":true,"showImageEffects":true,"showParticleSystems":true,"showVisualEffectGraphs":true,"m_FxEnabled":true},"in2DMode":false,"pivot":{"x":0.6728262305259705,"y":1.1802515983581544,"z":-8.170248031616211},"rotation":{"x":0.015881303697824479,"y":-0.9658544063568115,"z":0.25213319063186648,"w":0.06305210292339325},"size":0.8556212782859802,"orthographic":false}