{"cameraMode":{"drawMode":0,"name":"Shaded","section":"Shading Mode"},"sceneLighting":true,"audioPlay":false,"sceneViewState":{"m_AlwaysRefresh":true,"showFog":true,"showSkybox":true,"showFlares":true,"showImageEffects":true,"showParticleSystems":true,"showVisualEffectGraphs":true,"m_FxEnabled":true},"in2DMode":false,"pivot":{"x":-7.201624870300293,"y":1.2655020952224732,"z":-0.3960684537887573},"rotation":{"x":0.10658375918865204,"y":0.04058905318379402,"z":-0.0036651238333433868,"w":0.9938039779663086},"size":1.7556211948394776,"orthographic":false}