{"cameraMode":{"drawMode":0,"name":"Shaded","section":"Shading Mode"},"sceneLighting":true,"audioPlay":false,"sceneViewState":{"m_AlwaysRefresh":true,"showFog":true,"showSkybox":true,"showFlares":true,"showImageEffects":true,"showParticleSystems":true,"showVisualEffectGraphs":true,"m_FxEnabled":true},"in2DMode":false,"pivot":{"x":-5.316102981567383,"y":1.547300934791565,"z":-2.5033278465270998},"rotation":{"x":-0.19120407104492188,"y":0.37824198603630068,"z":-0.08017583936452866,"w":-0.9023927450180054},"size":1.3606021404266358,"orthographic":false}