{"cameraMode":{"drawMode":0,"name":"Shaded","section":"Shading Mode"},"sceneLighting":true,"audioPlay":false,"sceneViewState":{"m_AlwaysRefresh":true,"showFog":true,"showSkybox":true,"showFlares":true,"showImageEffects":true,"showParticleSystems":true,"showVisualEffectGraphs":true,"m_FxEnabled":true},"in2DMode":false,"pivot":{"x":-5.667698860168457,"y":0.7289220690727234,"z":3.713068962097168},"rotation":{"x":0.36298027634620669,"y":0.21967217326164246,"z":-0.08850409090518952,"w":0.9014491438865662},"size":0.6269620656967163,"orthographic":false}