{"cameraMode":{"drawMode":0,"name":"Shaded","section":"Shading Mode"},"sceneLighting":true,"audioPlay":false,"sceneViewState":{"m_AlwaysRefresh":true,"showFog":true,"showSkybox":true,"showFlares":true,"showImageEffects":true,"showParticleSystems":true,"showVisualEffectGraphs":true,"m_FxEnabled":true},"in2DMode":false,"pivot":{"x":-4.019834995269775,"y":-0.8611218929290772,"z":-10.754100799560547},"rotation":{"x":-0.024334833025932313,"y":0.9708747267723084,"z":-0.21029573678970338,"w":-0.11234016716480255},"size":3.9476711750030519,"orthographic":false}