{"cameraMode":{"drawMode":0,"name":"Shaded","section":"Shading Mode"},"sceneLighting":true,"audioPlay":false,"sceneViewState":{"m_AlwaysRefresh":true,"showFog":true,"showSkybox":true,"showFlares":true,"showImageEffects":true,"showParticleSystems":true,"showVisualEffectGraphs":true,"m_FxEnabled":true},"in2DMode":false,"pivot":{"x":5.8425092697143559,"y":-0.8198835849761963,"z":-6.871587753295898},"rotation":{"x":-0.4305228590965271,"y":-0.35916629433631899,"z":0.19196689128875733,"w":-0.8055927157402039},"size":2.4247448444366457,"orthographic":false}