{"cameraMode":{"drawMode":0,"name":"Shaded","section":"Shading Mode"},"sceneLighting":true,"audioPlay":false,"sceneViewState":{"m_AlwaysRefresh":true,"showFog":true,"showSkybox":true,"showFlares":true,"showImageEffects":true,"showParticleSystems":true,"showVisualEffectGraphs":true,"m_FxEnabled":true},"in2DMode":false,"pivot":{"x":-7.2632622718811039,"y":1.0973684787750245,"z":3.3293089866638185},"rotation":{"x":0.06598030775785446,"y":0.09771789610385895,"z":-0.006315695121884346,"w":0.9932942390441895},"size":0.6337860822677612,"orthographic":false}