{"cameraMode":{"drawMode":0,"name":"Shaded","section":"Shading Mode"},"sceneLighting":true,"audioPlay":false,"sceneViewState":{"m_AlwaysRefresh":true,"showFog":true,"showSkybox":true,"showFlares":true,"showImageEffects":true,"showParticleSystems":true,"showVisualEffectGraphs":true,"m_FxEnabled":true},"in2DMode":false,"pivot":{"x":-4.792520999908447,"y":1.966037392616272,"z":-6.078714370727539},"rotation":{"x":-0.0032850077841430904,"y":-0.9067547917366028,"z":0.005435277242213488,"w":-0.4224082827568054},"size":1.7556211948394776,"orthographic":false}