{"cameraMode":{"drawMode":0,"name":"Shaded","section":"Shading Mode"},"sceneLighting":true,"audioPlay":false,"sceneViewState":{"m_AlwaysRefresh":true,"showFog":true,"showSkybox":true,"showFlares":true,"showImageEffects":true,"showParticleSystems":true,"showVisualEffectGraphs":true,"m_FxEnabled":true},"in2DMode":false,"pivot":{"x":-9.712624549865723,"y":-0.3968082666397095,"z":-9.382613182067871},"rotation":{"x":0.16411983966827393,"y":-0.8258938193321228,"z":0.30412939190864565,"w":0.44583243131637576},"size":1.0393978357315064,"orthographic":false}