{"cameraMode":{"drawMode":0,"name":"Shaded","section":"Shading Mode"},"sceneLighting":true,"audioPlay":false,"sceneViewState":{"m_AlwaysRefresh":true,"showFog":true,"showSkybox":true,"showFlares":true,"showImageEffects":true,"showParticleSystems":true,"showVisualEffectGraphs":true,"m_FxEnabled":true},"in2DMode":false,"pivot":{"x":-1.9457815885543824,"y":2.178173780441284,"z":-5.276642799377441},"rotation":{"x":0.008494388312101365,"y":0.9842260479927063,"z":-0.17027519643306733,"w":0.049058377742767337},"size":0.3008914589881897,"orthographic":false}