{"cameraMode":{"drawMode":0,"name":"Shaded","section":"Shading Mode"},"sceneLighting":true,"audioPlay":false,"sceneViewState":{"m_AlwaysRefresh":true,"showFog":true,"showSkybox":true,"showFlares":true,"showImageEffects":true,"showParticleSystems":true,"showVisualEffectGraphs":true,"m_FxEnabled":true},"in2DMode":false,"pivot":{"x":10.59451675415039,"y":0.6395618915557861,"z":-7.0515055656433109},"rotation":{"x":-0.016752216964960099,"y":-0.715667724609375,"z":0.017625780776143075,"w":-0.6983740925788879},"size":2.969318389892578,"orthographic":false}