{"cameraMode":{"drawMode":0,"name":"Shaded","section":"Shading Mode"},"sceneLighting":true,"audioPlay":false,"sceneViewState":{"m_AlwaysRefresh":true,"showFog":true,"showSkybox":true,"showFlares":true,"showImageEffects":true,"showParticleSystems":true,"showVisualEffectGraphs":true,"m_FxEnabled":true},"in2DMode":false,"pivot":{"x":-2.367990255355835,"y":0.5895054340362549,"z":-9.343482971191407},"rotation":{"x":0.01959032379090786,"y":-0.9639230370521545,"z":0.25622063875198367,"w":0.07322036474943161},"size":1.1660254001617432,"orthographic":false}