{"cameraMode":{"drawMode":0,"name":"Shaded","section":"Shading Mode"},"sceneLighting":true,"audioPlay":false,"sceneViewState":{"m_AlwaysRefresh":true,"showFog":true,"showSkybox":true,"showFlares":true,"showImageEffects":true,"showParticleSystems":true,"showVisualEffectGraphs":true,"m_FxEnabled":true},"in2DMode":false,"pivot":{"x":5.713052749633789,"y":-0.19104313850402833,"z":-6.830071926116943},"rotation":{"x":0.04412512108683586,"y":0.9217437505722046,"z":-0.10844431817531586,"w":0.37049737572669985},"size":4.021317005157471,"orthographic":false}